original_hash,0,1,2,3,4,5,6,7,8,9,a,b,c,d,e,f,time_microseconds
0x12447db36a5b5ab843f508f4bbf01fc7cd38612af00df2f3efa5833de3c3d152,0xb6edafe908e86ae971f1002670882adfce8cf9f2074d621881b8b05a72286060,0x9841dc743b1ae5dd8384b91f8ee5b6384092ac127082fd94b8103e82758fdf71,0x12447db36a5b5ab843f508f4bbf01fc7cd38612af00df2f3efa5833de3c3d152,0xc9e2971797465786b992cba1180a5ba09e608490b2b80ed1498a97d9fc9e38e3,0x208f6ff3d1a61b7b2d055d2a12f3b27e971b360fe947b0ce9407204f60117da4,0xb8bdfda603ca9ccfdbc1c4803a7223ab53ac109615cefb467a03ba00e0bedae5,0x8a7d30b1786a2f3303302cbac489af79f356f027ee2e0a3c3f72e41a64c6bab6,0xd0918158e46f4d7b98b23696f8e508b14c3b3c3baeb0e2473ca528b8cb0e0127,0xaf8266af22bfd6c428177cc1b33c3028a8901aba0ce62b11410826d7297d0f88,0xdd95acd08d268a9bbee10acbcef0d6c4997498cd7f1c22e24d212b830d135759,0x2aaaa940ca166942fe01ea2e355c60c748aaf1937318077ab24f8f9e0daf7ffa,0xdf514da91e90ebad7e0ae1eb28131bb1696b1ec465db6be97b097e712bde91fb,0x0e1a37ce4deb3b55e0b84b638f4d12346c9eba83f376b2c25c6bd67b0e87574c,0xfc5008d766cd45405d5b97a3899fe7cc919befcc58836b6e0c2efc480c4f95dd,0x11d8595f02b8512db93b03e2de16abac93d4686c67f6b435ce1c64691e55ce9e,0x3dc5e1afce690b4ba510c818bbf16317e105bcf544ff5759461bba4a38fd89ff,317
0x3a4f7856a87d1aa14e0afd4fa8df95f8371cc94411d76898ff5021f7633e8866,0x228ef19cf8ec284e17d1b5a467aabdb9832e2cdd0584a8ab5a6c21a7a7d46e90,0x421c89e16aa9dd2e04e1fcb3daecacd56c9200fcbc2d0dab565f1a2b4e180a11,0xdbc43d273446161a9067dd2823e3e70a802d32f5f0fe9736387cce6b958fead2,0x26d5e68c6ebe0667da243dc1d16eec1489ba01f200ebff721a01f755cc13abd3,0xd04e2372e75771d6d7227fe6e2191ec0ac08ea0aba4298f1d95a76dab0bd8814,0xb62d6b781014f31c67dbfd9c0ee75e6b20d25a2fdd1bae830f816167be8026e5,0x3a4f7856a87d1aa14e0afd4fa8df95f8371cc94411d76898ff5021f7633e8866,0x70acdd97beaa920b10216b2ba25accbda4eaf669a89e6f90336e8002d52e3257,0xf5e8518c60006f8393a6aa640b6ef6112c3b1b40b81f1564d9e5e2e308f25958,0xbd10080cd618d388b198a71bda76589ebbecb7e8224aced92bdf2cb98cdd22e9,0x9b7cf6bcfdcb0cde7caa8758f10f4186a1fa16e8a85e8e1d391515562b8ccbda,0x289cabf469bcd250881b77b35f4321243db64dde5a53b9c15d06e5dd85bb320b,0x7d17c42d33c730b8845572eecff94c242f831e07ebebc80dc5d62acf3e59cfdc,0x8cf610b7ca917fb878b586b813c974d8ccbb88c0402c5aa85e993e2e2ced60ed,0x5c491accc00e5430f0e6eb38f83e6a6aaaee50fef018de2f9edf281065948c9e,0x69ba5d85ba054649a3c0c650698c1f9e8cd65a0dfd66dc5fe3086c8e82ffdaef,89
0x14c9064b28c265e020a1bc6c140ef10f115576e899b7e33ddeb7370cb70cd7ec,0xa94bc0dbd8e0f7cdba4106f53083a996b04ff644881909f40a7a7c22232950a0,0x544fde3d7107df4865e158b712d02e853c66a22e19e5ef3b0b034c6dbe178e61,0x9e4d070256ad0633cb922fe90c1789ff9e1ff651fa34361e0ae3d157e33fe1d2,0xdfe7dea89c4ba2766dc3ef90ca6c848442fbd68c003ffe505626f7c8415fdd03,0xcdc850fbb6c4d61b68ded82e647b924833b2340745820f70a3972fd04eb28824,0xb75db47e8d34791f32884046e39b63031287d91043f8719698c82c5330f89915,0x5363f3d07d17cfd70ef75ae58c5cd811fec181730ca3381dc701897073cc0c46,0x3ce67c131988dac98383c2f90562da9dc329792a730de07fc3b11d814219e6d7,0xcb108e25b0470e6062c475861d9073d8b9c027c8d33c54a75fc7922884ba1798,0x6227553ef08a18844236f913c3463d080ecbe9a5da55a4d78798b097ad65a519,0x0c70ab93adfaf60a19206394eac5163139f4b2fc7ffa94d6c37c1ce0027fb54a,0x5ec6c1260a070a91ad3aedf4450fcafbbe13ad519437878c19ed842340e0f20b,0x14c9064b28c265e020a1bc6c140ef10f115576e899b7e33ddeb7370cb70cd7ec,0x6a3d6e08afbb819655c7a16f2df125bc5a0780989be2d2607eeee6585719ed8d,0xcc8fa374d91ccf515358a2bae95c570310aab479b5ee37780fe8a2d3fd6aa46e,0x4f2bcd3f41628b1f007a047f2f79ab48a7ab5a7ffd918d812d85549f4d06ef1f,85
0x540e931aa5651179e6d09b5cf24500a9b3e50059247ab7b91c98e3e92a196d4d,0x2c5ec4a5fbc6e33af5d47b43931789f7bd8e0b051f83c8389d46405bd64d5010,0xdbacb18dc9171fdadb74977e419d1f6201b934b5a521a4a210ebb5b453a2be81,0x544711364c32c712a42c105c1dd0b4810881d9bce5db71f8e4b51f89c6c07ce2,0x28447ec3363607cc8215094fa611c732f81c8fb1f1f6d29cffd7372dcf43f1c3,0x658e5be8c26653723b38c9b6c484e81b319e8fd2037a49187d8be82d6f9e8954,0x5093b9a5518df933cbd8a156df350e7dc1d665adf1e553e0185442aec57ee355,0xc9d311ed888054a7ee3e778a6b9a9053a0796f1c90fe15653b7dada1e2917966,0x1ab61074e6d66c78f2a16febdb4e3fb1f764ce7e9606a6b946b04f99327ef817,0x31dea6bea3ee6f45a610e77ba492397ade42b22f96957fe6a5013636da053b58,0x9f8206d5f704e7644492ee7cb77f114facbc65846d304f09b85db1071608e299,0x13a696e7919841688657ab93bc7b06a7fe73d4f02abf736bc6e3a50a6ffa74da,0x6b94ad6e0d0f698a899434d356adb47a16645f9ab4fcc14620b920a66126f45b,0xcb7896bcb4a7c3dc647970ef003cb95ef5fbdf6b4ca8b7fac6d7647e3ef8290c,0x540e931aa5651179e6d09b5cf24500a9b3e50059247ab7b91c98e3e92a196d4d,0xb905cc650debe647aea66336f72dc065e62464aa6858bf9bbbf2c85dfb2cab5e,0xdf42d3ca8307162b185f23cf3f9c200d8116c0044043a8172dbc475996ea957f,82
0xe3371cb093db058a4572d803e822a700f144313d51d71a33c3a8cf47ab2f9fd6,0x1db6d4d6b6ad091ff8621793d5d21337a742427407439688716d0762a8423000,0x90126074dac23200a288b3ae92a2b2bfbd7209d534fa78d5481b0f4a0e355af1,0xfb175071e582d9381dbf9d65d2a3e3c86ce7c20fde5ab6c8befd92e17f634842,0xbbb0d3d677cfe87eb988af2b60018a1c955ae46cc47278059f0f0037f78eeae3,0x4e269f38aed3bccbe8a805dde63fbe076c9ebb18eb64bec94c6d72a7c78344a4,0x237b2be43319b8b2ea7a6dbee48240a2921839a27897611db83381409dc1f615,0xe3371cb093db058a4572d803e822a700f144313d51d71a33c3a8cf47ab2f9fd6,0xa8bf5d8f650b4ac2161e1037e82cb285728b1df1ce91bbe491acc9ae79cc1cc7,0xdccb984252180eb2eaa0dbb9259854772a908d1c536a2f53e6ba948afa2bf8b8,0x207233851b5d7d8aa6eae10e44315213ed45fd7aef01f1a555792c3a6e6e2d09,0x9b98ed23417c058b8c759218cddf07f9a807fc4df1aaf62d24411ada9aab6f7a,0x65e86a366c025377650c6ac1542eb334dcdb7c721a6dad75dd38733a65b9900b,0x1b90b81498cd8ac93d852e234f04987645f14b3e0b78fd644e2a6352e8c98b7c,0x115dd3c1e30fb927b317d778f0ace02fe189f74d60f77225096c77dcf83c00ad,0xdc98dbd942b8591e968611e50e9d64815c1b5eea1edb357170e7eef67888df6e,0x9f6f931b0d40e562659affd248e581e47df5f16d846f6b99afa4b935db64cb3f,184
0x6ecfb4a372cee794a05b453b2b997dd5debe47c739e2428c98c63786e405109a,0x0cfdbd90c880a307dd3d8e39e8585e891136e1c61304efe29da34ef29b145f50,0xa241f10466d3511ad10c3748e2508c44ba5ba8800ac2bb89cfa622536c3725b1,0x52fec3f309831188f92017efcb441f34075ffe92d352bf7ef97deafb28057c12,0x3171765b9d1496100b151efae89b18922617430f125bfaa8c23235c92eff6fe3,0xac896bb87a83d1689547345beb1d1e440404a2f2739d91cd98e19d86a8c35da4,0x556ab8b9b1c7060f5c2b7385fd2bee9482677877c09fd6182e4ed6048fa161f5,0x0938c0fa12665e6d138598fe8e07116462b732bfe445f9961a79a8f11b4c9696,0xa6c5f85f187fec6980b3a1fdc4a174fff24d62c52a7086d96e5568779b838577,0x9f57969f7a283dfd9d60799db463f465ca7507ffc8bebf53c5713a9dadc10078,0x104fb5659531edc7fec8ceb260712cd7086b025322424f727b309d7fcb6df139,0x6ecfb4a372cee794a05b453b2b997dd5debe47c739e2428c98c63786e405109a,0x4d3450f82c854739d6fad9c9d73db5848384b4e4ea6f2702758ab90d4b61e41b,0xb276342da7311019a0634b7de6d9609ce3aa4018a371cc47efc2bfa418a3787c,0xd293b3ee57593ddf934eda104a6bb041c84cf9ccd2e4bf39e0f5e4f98d7f09fd,0x393c5f7a35b6f4c14e1ca6f760308bc998fa02eb6c311f50e1e900c1027e9a9e,0x2f4f2a590a1dc6917c74d4b62a745739d3bda9d2d8946df55d6bd17c5e407f6f,99
0xf7996cc3254dd290363a411ed98d21ac35259516c2b37ee3b3ed4fe14a5bc234,0x02e1d2a89780ad8df9ec54cce8d6fd963d5f7b1cadf0f3ebb2c9028c3b7e14b0,0x186df448cffbd401cc82da1e41a08361c297d1c7710242974d7fe1e68392de31,0x68cb8059e713e04a589010f0919ef673ffad8a9df60dbc292777071776eb5792,0x67fb711c3cc0cb6a4219188fe244d8d353ec81b53703e4d78fe79cb0117df583,0xf7996cc3254dd290363a411ed98d21ac35259516c2b37ee3b3ed4fe14a5bc234,0x2ef608034f905c804f0061a2d6a972093c2311514eaad3c73c6db1e96a5cd4f5,0x4858a04cad46aeace2c325295937c3156e42a88722b41e46fc530aa7aa830196,0xa78797818dfd3ec499a6a2cd25098c00538fc7ec9995d263e71dc423fc560287,0x70ba793322587086601545859dfeaee2ee8a2c1430c681abfa44cc8e301e4b98,0x5c352aa5091a744d2fb3163f2c1d4888f17f0c1cda8ca7c48e691658c94b0619,0xe6a159fa681d1bdd95e7f02c0007e4a8a88e5822dc5330a8ba6b208f169bbd1a,0x7ed69f9f024b433760855e59e47e4378066e2a7278e5b4782e76f1a34772a90b,0xe319adf839fdb08d8ef91485d7a7dda0fd057f6d862f3f2494dc7d0b3402c79c,0x34a0be5ed91ce85391d57174d32998154d05332b518a26aa82fd3caa53f7769d,0x9fcb9774075613342db6d55a1b5b01c3d5de65be9a2d090ded5170dcf0b8640e,0x67bb0f1dcba4ba856519ac7fd09bed416fc7a5ee54c23690b3bc98aad42138ff,85
0x07aa58dc907c1bc95a6650ec21246aca147b970b1b1f5377574c1c838b7fb5e8,0x7bd3c9a8caaa877e524583c13de8e7ba8d9c156ac247e8d5bf43b36f3da53d50,0xc4d861d1739e9b2648646bdf7ec0c83074a0a658baa525112b9eace1b206ba81,0x400ace39ab1ce8ad4d5919b2f44125a1540dfecf5d136ad813afa4a14b3dc362,0x1f8cba06dc2daec01b4b1f110b6f7d46aafafdeee1d8b36be54e5a2540ef18b3,0x71957052a489488ca428f431e4dba89906aeae031c59e06a7e561a5489a1ac24,0xe4568bd99280f2d2a9875b98111ebd34a6d8a06a2a6e513fe0f2a4083261d0d5,0xcfd2d1d97715f7d040a5dff44709c1f0949d4367df681f03b9fbbe1f3c19ec46,0x2234377ce725a9fd1fb17a852ed58baf653c8ba16d8d6104ea1248f24d4d8cc7,0x07aa58dc907c1bc95a6650ec21246aca147b970b1b1f5377574c1c838b7fb5e8,0xd3ceb4d5bb70cc8d1a7d2a86b72be0771a0024cb21b1e3a6862edc527bd1ad49,0x138bbe99c955f419e3c8a4005e93ca5c14cb062c12fbb78bfa5fd7a73dfb720a,0x4fc45642318fb5f94cc16c55cbe75174ce38fd60f7674c125c24fde8772d611b,0x5e4a93d32b368868b39630f335be3275777c935360048c25d13cb63815ab9a2c,0x1a90a450e330f0fb03cbc770e7ebdee496ac0b3f7edaf902b2dbdeb9165dbafd,0xd65920b37903616cafa3f39bea7a86ccd7f4db73f497cd21e8f263ecdfb6979e,0x2e386a2c58a5df424c0393c133b81923bd6a85cab0d8e8e6af559ec5466b96bf,214
0xa5de3588da658b7e64ad4d8aee141baf3d7704ffb4a1393a5f75750cb396a82a,0xeb9a7c5b5cee05ce9f090849c8b8afccda6c413446f57c16df56c4f832216b60,0x7d81888b8c648559ea0cad47862f0ae4d47df5b6d16f82e1654e9dbfa8a8bee1,0x0d28ea6be64f6e2c254be84e8392b0439434d7e55e9f85ee5d37349c9f572602,0x0a0c11223af49d4909b338b9ac9fc18eefae0529ad906b0d3d2352acebea3e53,0xa843029ab92c243acdc273aba767f44776ae1f258a1ca2cc5a36364720472e44,0x6378cb79219a0fae837de2b06959e5f39925ef9025d30b64d6bb98738b8e03c5,0xe7120fcd76a378b72c77890f0b7de75327fb4d8f03424ebd293c83d1c60d98f6,0x310b7ba397511030adc001b8f7fb958efbfd1fb75badbc0151644b09e2b6a887,0x8676e460a3cb7b851e0c86efe19868229f9bc9ff0f890cc06ef98402b9b76808,0x291df6c590cc05a645a5414017dad87708e413a767a56029919ce43712349299,0xa5de3588da658b7e64ad4d8aee141baf3d7704ffb4a1393a5f75750cb396a82a,0x8124383cab15256347a8b02ca4c467c5905e381e0cc7f301e281fa6da649540b,0x667f8f32b7890f11360349c5ed85a57109aefdb610dfb00ed4607e439f0de93c,0x4c5611ad91a336f8b73052d7175a2c4a7585aad3a07fae27e02f3c9dad80f5fd,0x4190a148f64af2f3df88f5bcbbc4d54633428636b8c1ecac42fa76d053b8a7ee,0xbde9112f421412c5db33699998e669041d96d83cf67d7b3d5389fabf1291e19f,119
0xfabaab484a668df9fe37f1c1c2a9e899d281681d4b83eca8c891f4f5347c37d0,0xfabaab484a668df9fe37f1c1c2a9e899d281681d4b83eca8c891f4f5347c37d0,0x3ca50489e4cdfd4370be3acc0145750581e95533b91d955658aaf9e1fcebe491,0x3200b9702191887e509020e6ea9f58b2db669b622751a51f90f81259cf8e5882,0x8c9519bbb94d6c741e37a46bb7f278c0c9b681c015581a4a6d88b8b50444ef63,0x00c8608f8775e0a4e8054311d0047077fcdbb9f063a882c7f6d341e02d46fec4,0x10b03868dc336088aff202dcba77ceb11e65b9985815183229ad70fc8134b055,0x7e3e06ab57d3e564e7e9e8011ff63caa342184572929df8c5d61b7b1224eec56,0x0871a68cc4c048cd5f6ca4a82c12e5884d06e32255a3071038fc3a16bf137ed7,0xc59d72b438b9c6378fa433585a526776c06d3f6ab5601b662b7814ed21acf228,0x2da2fb2c82b0f0e7101b9467b3e7930c271d72f4df2280b930c46ae303853979,0x68774035068256976c51ff03915d77af8415e80ea31545bd7eaaa2a9e4f4c09a,0x12ff8d88ee6c148f7885d236ce93cb3c94c985224cc4671523b81773046193fb,0xfd0dc4caf88acf7666bb67b724e5e8b5c5b1f04d764341d414f250eb90720f6c,0xe6fd94ac36255d94de63f03de1495b569c3401cde291430c1bf5ba7f5c9b0f8d,0x6cf8ac23a50ef1265735685e7440ed90f52a5a91d31daae3f466dd4281400e3e,0x80f004c707da96bce6219cdbee19d729a062b6d36a2bc22fb49ac5070303cfff,89
0xa0e5a9ca1af5e05b93f2443edd1d257946fb0e5a5ab3c8a2ff9a5ae6668fdc36,0xf763aa9645e1f04036d481d6062474ce9f8fb9f954c405ed953a68ca2e6a0710,0x2ba642d3c907f2585d46a8d2c290035cfd181e3ac47d011b8b7c3fd90c16d681,0xb0ab163e8c104113535dcd3307becbd099f64acc2c56f7dd8eedf0b98c4effa2,0xd93f0cb867371ad0e9fe9f0a5ce367836d6f08ede02257a25255551d4bdcbed3,0x17cc2905219ba49bc95741308126ee9c260268deae5ff7bad5581d8bebf0b504,0x1a28fc376400d1b351384c51d83d8c83bc6f9c6e4b744334a22fc6291bdeef25,0xa0e5a9ca1af5e05b93f2443edd1d257946fb0e5a5ab3c8a2ff9a5ae6668fdc36,0x285474f7968da9d14ad36ef4c2ed0e7976b24ffbdb1a28a7b154f273440cdee7,0x57e64dd321698488458bc142a28703a923314cd115ebe6368ed4f5f4e19bb6c8,0xd1a9b5cf2cb51ea9bf857871668a302db26ee2628b63c41149e574ee2fb9e469,0x3e88142d547691fe8fe18f89e188d8eddabc56bd17a36e31c97f0b645247b42a,0x0279e344d939e92e6880f22f6b25143cb0ee4a1875e0e97d038856dabdc63cdb,0xd6e0c0c036462856e1689233a78213d0d9e3905be38d486fc756f7555205dadc,0xf25fc6bd92653ede0062e82d1f3d869d2057ce513731de028e92a558d98822cd,0x78491f7e1b52da4a21690a0bff9d35e92261bb697178c1f1b83fb52f1317da5e,0x8b5ab76ba84c1ec31bec5c95186eedee32774eac6c832b93a564e4cac415e64f,104
0xa66a36cfcd36a927273ce192ad2b58dba4b9fb9b353f6cd1dca763f22a2caf7e,0x1d17551b51b2a7e34811a40a74b9a08c4a7fee75f0eca315de167e788b2d75f0,0x91a82e211d0bb2de4c0b16f8a9b6bdfb44851896f05046786c34f8cdbe960aa1,0x5721c366008861e8927c78abba7e027642fb43effc08d6385f11fbfa1e8f98f2,0x13c2dd050fe5959ba8c9a14cb5da1b12b99ec83106eb34c35b06f46079ae0f03,0x05fa2dfddcdaaacd2c375b6e845a64d4419139c13305bb04ca7d70a044808b04,0x85e6365c54d519a4098cf97afe808fb18eec44fa38e4c4577832639e648268f5,0x636a5d6adbb29bd87055eb0291d7c07dfb876f09e8ccc93b1db7aaae1b43ba66,0x8f22948b6cc16451fa851ef34e73fe7caec22dbc1f563d29b9cff400be926c37,0x93a339fa13f72681db014e7ca1e94d40a5552e9755ff85d8fe6cd89b52479f58,0x34bbf5bf786f047c55887609aacfaf1986ff4dbd1ff0737f4f39984b5e3c24d9,0x3b681a26909e827d820cc44cac4d1e80ffa6c59cfa8154a5e46f0a7723f3f41a,0xddf06c0580670a906fb38b27044a90584c394f143692d05b2e311ac0fc75ce7b,0xffd6a36c0f1ce4b54677cce824e1f049e2f7857511de205646dea40975dc0a8c,0x0bb0f33a1987ad1c95f671ecb022bed4c127cad78de7ada8d32d33913604594d,0xa66a36cfcd36a927273ce192ad2b58dba4b9fb9b353f6cd1dca763f22a2caf7e,0x2e19e8d54dcc514bd529d08383b68f9ce72fb8c769246cf097a2aa8d78f6f38f,117
0xabf9c6c193ea728733e6277da665752227f8983b429228515af4bb91500c2036,0x285e072b7755cac831e60278d58abcc3d10a2d556bdd18e9f51f8ea629e1bca0,0x43c7875337cfa21b41b2f3a90fd025b6142dfb631a0f54ec45d5b35b14350c11,0x3c18363575042909d8e78da72b4eb454c9ca271be1abf223eb6d7c4c116f2682,0xf391a908e4879f7783ea142edefa8fca9e30f208009a33c589bb6ce3499c5ea3,0x402b0fe704109c513606b72c12a51d61c910b029686f8fed12f65154313cb2f4,0x72cc78c6a6fcafe864c8c264de20dc1a2ec445697716e91a2a3b649edf738f65,0xabf9c6c193ea728733e6277da665752227f8983b429228515af4bb91500c2036,0xf2cdb55d972e68413db48c72a8516a51d0a1cc2a59cd9cce705fa82cb62b1197,0x1dbccf631e045af951e752514495dc290e88ccc3b9e0197f0534c92955e38138,0x32230a3331357fd452e27061519c7fae0bbb0906ae5cc0cb68d3c8047c503419,0x215ec9e28b7c09894ed352db920a12963c163f5479e99bbb4baee53f27510fea,0x6564a2c726817319f68cdd7df3dfb977f78699723e219f89c6d3e9eeba8a3aeb,0x5a8a5d21d053c1b1f4dd4622bb2152891c3653de5e4780ceaa7e9a3bce14607c,0x8d1c157ed8e187a6f5aa21d1ae1fa683c8ed286890728e128c8dae0fb43ad82d,0x42aa1aa5a6883e32a8c6013891c984379ba0925de20bcec3374ca3b34f2f99be,0xfacefa386bcbe662d89dddbf24113bacb4c193a5b77a10954f9c8023b4642d4f,122
0x4af30585d91f4a57aa7b46577cdef30d88dc5190de3a5c2031eecb8b30a1f035,0xb192df3ef27780b8f9d7e2abdf8a32a4264c71d6d35104411df5b8ea84982580,0xaf9808326611470adc0384f3447e929269644c8d924462e7a0ca1abb32c68841,0x5ac40c39352f8775944a7e80e1a4f3bc56c7b32f915477ce9748b0a3351576d2,0x6abec1a822a8553e676fb8e8cb32865e5ed038055b9b1292062e326eb8c83e63,0x2ec7ec91d1abe4bc7d92c66a5d88c26eb420e2e31ec98cbc0c40a20a8205b084,0x4af30585d91f4a57aa7b46577cdef30d88dc5190de3a5c2031eecb8b30a1f035,0x5483296498ca3510488094abc42a8b3ce325a6b62747a607236ffb6c06c3f236,0x67380438a5b5e7c9112b6c42ca132eadb1dd48ff28417d116bd73fbb8535d787,0x3146f89f0e605f6d67ef57d10c45d60598495b4082ab26a11812c8378ae5f478,0xe5aec832eb1d06514748b8334c7c45c9d00d0ac7ede4c3a3ada5852672746f49,0xfbdb63a9a8e079bf30aab6045ca9e1a3538d7213d59d67ed25a7127cc542cf4a,0x4a9e04f20bc96e1cd18ce430d500d4827394c6c93f4f56a43e4785a67ea0253b,0x659a5979df2898a8d629e8c60f3fef9c313ab66b2d9593e2253c8aae0e344cec,0x371e37637cce4db4bd42567d71525cdb80107313cde3f67bbcf1355ba9aa1b2d,0xb08bcdaf37e3a2a6f8a1d7fb176cb65f9dbab1f314f796d6f99d85b4215b6c0e,0x1dcc23a2025eb33aa05b4c5939eb56f2d6870e273f97c36ac6f99a474bba9b0f,186
0x89b3485d9d38db79c42f9140e68dda0be016fd8624ee88a401a6fec7b616b6e7,0xf1cc86c8b0578ad96483c33a6cde52e7ead3da82b8ef0463e2989b16fdbe5230,0x5c1d7d2f6a68c693483074f532cd21ae302c413f63fd4502ab8682fd4fb301e1,0xdcda1fe72de24a298490e1296a3be04e536f2c607ed4429d979ebdabf591ba32,0x7b3ea247c65de271a57b39dc49abaf6171392e425d9f238cdbb1ec5ffe61e153,0xe4606129f261938fde5dd2ffb69be6bea91165b6e36bd982138f6179bd6d23a4,0x2eb229f419113002f9b4dd6f40e67aefddd6271cb572ad6aed1f85520eb18c45,0x5a9f89a53757e120dfeb9b7c1e3aff2f8c72310465c366c6e515aea2176abf26,0x89b3485d9d38db79c42f9140e68dda0be016fd8624ee88a401a6fec7b616b6e7,0xd26d7cb9c0b70847cab3fa1d39b2b449b12e80d1d8ea31b9fd2e0fef16bf5868,0x1ede644c23f55f5dfe514ba2f4ee17e1f15d4e431852dd9d54f22037fbdcaa79,0x218f8ceb001fb2a3fbcbc0cf9bdc51b839b6c703366c493969e0136f286684da,0x35d97eec266b6f9af20fb07b774c333cf4103f9c64cbfc60f3d92cef5c4d935b,0xb535dcec711b8776f47c180a561b356f4651c594ca7f152ef95836a97718f99c,0xaeee6eb89dd558bfd6a33ef4520e3a48432931cedd3e55cd92a4b8e98b4f02cd,0x2402aebf8c99cc67cce133a55d64e8ced1b73391f3832889e7d743e644ad2ebe,0x613b657dc7381548552406907e15a1eee2c0977346e40a63486d315122b2621f,137
0xf4f961a0261754290ba74292bc397c132692d1eb8499ab6a0baffd601ee89c66,0x98e466ff767d69c98a1116a524946a4485b060ce504f0ed227b3761ddbc1fc60,0x5c3698db543c93bbd8f227e8ff3b19fae4d186a1a82c5cc9db6809fa8ef4f3c1,0x7acfbbde9005706ba6d5f9e843691caf5a9d098364ab3e79c0402885a21d79d2,0x03c937e80ac9a07247474a9990b0da8f2e5e873aad43ef70bc3a6ae6de3b2493,0x024b7e7d432444204f80e47933e80d783d08240f8288f9dc13157acc753cef14,0x7486784475fd566da4abf104211fb98dd6271036acdb533daf5e13b0085c6345,0xf4f961a0261754290ba74292bc397c132692d1eb8499ab6a0baffd601ee89c66,0xedbd0b0018b4c50be77d239b1c0797d0eef087a6c8923777213973a5971b6367,0xf81d251f8aaed6884afb844782db19927726324d97b717dd9d64f300427e31a8,0x96a56c4a5a68f2d3623b14969da2aa584308cb586158d5bf347ae4d215f14969,0xcbb8e81322ef9ff893245d036c4be56582bf7f1f7ae6543426192f8d9fb53dba,0x52cf7159ca8b65c198f066bc03241cfd0da250df90c867f31beeaf00b871c8eb,0xed7f2cf35f7848ced0e7398ad250696cf5ea10b02c7ca70d32a3f37bdec40fdc,0x67b0665eeae72bf0468d2e4fa16ec52a5616b9c10f5be9525b2042dbf0e6608d,0x62049a69a0329a7c690f0813ded0ac43ceacf3b1964059df609a97126b552d6e,0xfc04e7768577d1dd0d90b107657e6d130af76bc0a46b3c3a2eb436bca52d26df,149
0x7b0653918c89bf92964573153c4531d65810da2bf903ed1e1a3f94ba02b7f5ed,0x1d7aad465895ead82ad0312f3e01f98be1d1def5ad43562502626707a37ee8a0,0x67f8352332af64fcdf7ef7f43a53c919eb8dcbe87f398f17bf97379d0553e611,0xba20cb1bdd69f40825eb3c0dc1f2f3fdd7b31d42f238eec22089bc35b2088f12,0x25f94e7cea9f789dea724207ddba1994a6487075811d986b64dfd6dda005d143,0x86417a8d0912c940f6fc175b8493945d49d36ac42b096bdb4fc00c69d5c4a004,0xe31c71200e8962983a7b95c2a3f06c93d7f3954f2fb84a0bef806b849f506ab5,0x0dc252039441cb267b112914b27564a90f3b2a310d1903ad6f82c0ef98042976,0x401955317641036da747ed439a96b758075e43f61d46c760dae008c07a927a87,0x84bf97e5a97d8d7b9f4dcc72943f4cd0739869906a780bbbf63fb1dd81f91c28,0xf9d52804cb0a13371dd2324de80895be5ac2589fa9a95533bda1c186672ea1c9,0x0264b8d8c58996b4add021d65eea5370c1c318df33c5aada2f03832e3c0dce2a,0x5ad98168fc34a54747d4748ad8eb06978a346db7a4de4c4db282b8307ab46b5b,0x8fde6885a88d535d6c26202faaa4ad6cff757a5f8a76e358cde53ba804774fbc,0x7b0653918c89bf92964573153c4531d65810da2bf903ed1e1a3f94ba02b7f5ed,0xd117c12751643c4d2137c6dd8e104aeca03ac44d168ecd7bbe667ce4f3898c5e,0x6448bd17d0c727ac8085305de20551ce18c3524be803a843163defdb3a3d76af,96
0x3f2d510e4293bcfaec14c4f7bbe556c5945e21ecb131131913009bea5ae5e8a6,0x7e1b761eb845b0be362bd131b817d2df464c3ae637232699f603d136a340f190,0xd70a07e9a17abfb103c2c8999b07f88a0f7b1bcb1783832bca393c556905ea01,0x034e1327a7f3c7f70f7c47d89820012fce8a297d2c3d1d6c93d620d6bf9a8db2,0x0dc77e48708e0e925e89f3b232295abd6e89e05aaceea69524947111cefc9bf3,0x94c62793a10468202bce4b9a95b5cb99bb89301a9d51b67f8f583458b28d8da4,0xc3dfb43c176b433db7119d2d36daef0e5b9f5dba4fef83b632704c9c4e672245,0x3f2d510e4293bcfaec14c4f7bbe556c5945e21ecb131131913009bea5ae5e8a6,0x4804b719c63fa47a58cc548fe3914a609b1e90eed4b10ebd905c67598766ed37,0xeefaf4cce3050a3cf296302a58095880c5bb81029791cfece4d3a9630dcdfdd8,0xccfba45554750820e9b13220deee3ac92161885bd118b001e6742ad10f5073e9,0xdf53ec4eb6f7692e0e4fa995fbe11c5cfda303db8d450d5347065df3862cce0a,0xa53e43db223148e9b60a095d7de671210fd7778346559b8af073badbfc07336b,0xbb3f4051266d26ec482fe63188350ab5f95b49076e74f6bef0ad536cd10631dc,0xd67e20652f6b94fb0769276c36a3b99f4ba36163b3a2b1844731fe93ce27f17d,0x9dfd9bfe1b06d96256b01fba94065eeb9a255da7391b73b247b0b56194a1a52e,0x55d937a377002e7382c0954760e9555eabc7a8231200557d3304ef9cc877192f,129
0xf7765f21e9ebe61e5b1c540c39e488e926361b6ae809e5f01f0cc4877d8acc49,0x507c04652e13314f01a515624cf1d767979e6be1bdb15f14e6b2ba87548a41d0,0x04e6e52e1444a5eae21050fbc5003cf141165779b7e7df2d5924e4177dd6d531,0x2d9a817fe5e781808891f542c78db86ad13c55cf8831d33cb61bedee36d43722,0xbe2a0bac1535589e83eef4e806e223f38737d800bfdd53fbb18a7ddf5734d043,0x07b0291725d914f25286f540c25c4e3e45c483b105c5ab2f92478327884b67f4,0x0a7307d34d558d880eadce3c0a82ecf642fdf202f5df0575ea16f9f415ff5e95,0x031f17fce4696b639106aeee08e5368cadf6550b38aa21ebf4aea61eae8637e6,0x486e39ed0fc0b09dc3b35472c1270d87d1dd2b65c4870a1701bf03e7d3d9ef47,0x47fb51eba36076e14cee233893624b3d7153cfd7334e409a37f208dd97534868,0xf7765f21e9ebe61e5b1c540c39e488e926361b6ae809e5f01f0cc4877d8acc49,0x9b2d6660e3b1f5e0910932a4fb970702ea72374c32bb53c3450546e8f26a81da,0xccd4ac48c7a473dcbc9628e5e6a9a39f56b688397c5d45e078157f89eb38a97b,0xc58aa0d56a83b34d7027297a37f3cbfc0e201af95879ea3f659c7c5631f05fbc,0xa109ecb356bda065e40608f8293c9b230c1cffe5530507bb860dc12c5907e74d,0x2a45a791f97cdcde9d84442b5e623a2d49b9a2f9bcb2632bbf023d89510af7be,0x6eb09a40847bbc36e78fe06533121b0c9308e891394ff86f38f668594ade784f,111
0xc8756b71b82b42a47abd4b18cb6b1fdfbd94a0e29d4ec4ff83faad955e0739df,0xcad76d845753e3e0e56a74d09d0f1cec5eb850c15dbf5112484d3905a81f51b0,0xbe5e82e377298ee0025017666fa7ee4bcdc3c3fe79bc91ce3d8f0a3ee72729e1,0x17f5fb3e8624a6c9cd6ce6eb68cd262c4625df1d596df6c6cec8fbb79ac33172,0x15f48c36a35770007fb40e4fcb6fb6d4c861e1e6ed81c754f01172a035707d63,0xc420861fd5583e060601dfc4ae7c34a9fd1c7d4f48c6480102c3fa08c3e29d04,0xb6760f1b0b63f479b0ec602c5dabf1a8e5c42b373f7c54046100fd6e5927a355,0xf39ecfd15007a83edb12a82c86d37e96b3974ce4d24540001e240c14f7b09426,0x4f26633e72157ccdceede10a64b497284d5a1ba2268d41dea7e92fab676bfc17,0xb870115510fe4ddf0979842830bd5e3003c7e634dc7f98b3b2da9a2674393d98,0xe5177948842dd3644a08b28714fc17156dae32002113ea48a1adebe21d89dc39,0x915197a515469ecf66749b28d1a9de270c642a84ead43fa8868ec084fa308c1a,0xae2647bee0f82b8c6dec6854882fd6ba2eb2cfea26a98d93ea1fab155c1dee3b,0x2f64658414cc43bf074db1902f828bb8dcba8532b8c3bc8ae6678df191dd4c4c,0x0f9ae77f59dcac9a458e4f30b44627e67a054cbdac12049f8e11f68e0482827d,0x41e95bff9a312f872ca16b48efa1d149458a4ad6aa0637f948a97194e5c49c6e,0xc8756b71b82b42a47abd4b18cb6b1fdfbd94a0e29d4ec4ff83faad955e0739df,105
0xfb8476d3afdfd2244cd0ac2d8be3f90d421506c9eaf60e23b3e6b697f81d936b,0xafda4a5e6169b01d01d8978b461eb14dded6231449a08c5dda54c156bcaae440,0x1c1ef55b5686ebf50934bd8662317f06b5f01859b0797880698e6ad18bf98d61,0x80dc3348702747ddd98e1a35870f3e7bc5f5de6f3911c21f83eed23774346352,0xf8a294070fd81a1cfe09c126ad9156e2ca158f891d3d8021f3ccfbc986621ce3,0xa059476eb349fc8b501ad1cb3f9e788679fa294bba52913964f443ff07fb9864,0x2211da1d0686bba4acd9dace4eb9c4c239acde565ddce2785bacda57176c12c5,0x3224ce6e49baf74b97398b1e1099a2719b3657fb0b183ab09b971c15df35ec96,0x39d07422adf4330eccc65dcf8a5b139f572363d36ddb38f62050164956cd9d47,0xb195b2aba76a58df58c3e00f7ae7fedb33d8c0af04673ed003bfb517d2b8e4b8,0xb6890b7cbb810d3515ee7ef09cfcb9d7dee9c9366a6dc4a9ffec4aa5462a71c9,0xe9d427fdf051cf640b6ea124a24ebb13fbf867dc77999d25c9eaed282440e9fa,0xfb8476d3afdfd2244cd0ac2d8be3f90d421506c9eaf60e23b3e6b697f81d936b,0xe556bf981373d994e0367f2697e449e1e2f54c3ee657d3b211865f8089f7b74c,0x57e5d2eebfe124ba126823e8e5d67138e42513c7c2e6be7db2f0a024b4c751dd,0x95cdc3e91fe473f8cdba87bf99781be9cd4a0e451dc6aabe0ab44ccf6adbabee,0x651df8d37c53519b401c9bf7ee859918b0974114228ccfe743ff003d639ee8bf,182
0x357c2ec628f6ece044992df00eeb9bc1d0549a7a4ef34640c4dd1eac3224b699,0x119b82db3fafa9c0d7c5b7b0be2488455ca7767466128faff35655f7c1ca64d0,0x08afca06c9b3f803fc960578210d92190dfb421d8aa694a3997a526a813f4c91,0x2d340a13f517d50c1408e8bd618b11c7ae930be6d304575d281174f49d687862,0x87743ad48b043eb1d8bad7672ed73483b78813ac42ec47b515b288762c1c1ad3,0x9031609d1d5eecb0c8fb1e865421f2404221abd61ec6cd69214b575fed1c08c4,0xe4d0c4878de2b417dc9991af51c140a2a010a9776ae99a9a6947f4222415e845,0x9607e40b6ec317c2df08255a982d553a3ab072156690dfcea77b9775536fb076,0x237af7b45384aaf3c2a47534a5faba5ce5de2023868311000cc98a440ef1c5c7,0x92d4b778cdad66c38fa5603c282ab003303f0a714439714ff42dc177781241d8,0x357c2ec628f6ece044992df00eeb9bc1d0549a7a4ef34640c4dd1eac3224b699,0xe7b80dd0ef5b46078901446b4f6ddb7f094cd868ec1a609816e976cc9023323a,0xdc7de87c013dc5de2c1fbe2f1bf5e02c43f33280f89ba2db931cc9497f06104b,0x8a4ba9f2537af7d794a0d3f2b6a15f7aa3c8887f713cc97a86b01962dbc0882c,0x7ad8be8032dc6015551224b2a64b81a8f973d9f1dae2c65a94dd9b18792dafad,0x9e005275cde450a1d63386c027f06f0040133c359e469c5e53484c26a6fd8cbe,0x16708f082ff7c2ca35f16eb8f1f02f584966022836901a029462f4a09d56490f,120
0xf18e3b4c14d01b4f1eab2c3489f76ea507c6ac31be8534f497ca563ff030b4a0,0xf18e3b4c14d01b4f1eab2c3489f76ea507c6ac31be8534f497ca563ff030b4a0,0x3fb19f60dd78caf4a9a29ca7fd1fabf3834d6d9444b7ae325565ba39fa9a1b21,0x5dd3ceba698d722cf63c83ec0f39ac685bc60656ebffbbe0d258a0b8ccb99e22,0x4b67a3e28e9494229268916a6b1f471e36e659d4ae4d104f4627c47dbf98fa43,0xcf0b7996a61dd6a851a70382a6a5856edff0255a24b69a5558309b40eaf46d84,0x5087a48e3eb9718340944c45d192d4c019ece6f9b673e2eb9fea43304d05da55,0x2c78732dd131d05f0e794cd5024fa166d59e434416a8f5e5653e05844ebd2bc6,0xd8686f0a37455421c0abf2e1a986f5ea2cc30d0301d54b228483243f68593977,0xcf28a0768bbb8129dc47bbe26133b9b5a31dcc98899812f00d0a02ae28ec3e68,0xe42df39067a4275f147e856366da92f5ef7bd5b53708a66098d87fcaef7d09d9,0xb6f32e12ef66915109313b33425fd6e9b49aa06345240b4f869e6bbb5bf2fb7a,0x9076768a05b06151994023697e88926fad06312af95e46555d63440cb6338c6b,0x655f99ae12d271e48b5b9958215a623951463d69ad48d19c1e2eae3b4bce90bc,0xa0a03a1c71596dbd7826f812acd73e5684c1d0e19f55839c1595a00077f6b8bd,0xe26a98bdb39413fa06263653e88e39c870c90a8f059a3aa9f9b6d0bf68aac2ce,0xba548107afd5675ec55ceeb86c2fdee42dc5fc24f68647f077dcfb5b61d3519f,112
0x496ec0c3f33a0a477675661104bdceb1c3480e7d9e8a792349ee30d8237857aa,0x54d13e5058c4a521c8e9b9dd39f3541da3d1ae0f4ffecd4d44f9d4f6a607ca70,0x184f263dd73183542ebacf58627ecfb7ca0fec8a633ce2d3b623091d1d5eff21,0x663a5c140cdc943bfe0cf7fca04f92cb83aed1609a8402bb4258f6d094813602,0x253186f2addb0d8f5fc7ed6d233a4af318f79e2d518a85d0f3ca55fe105f3713,0x9f9338b5dc5c4638d88e6695a3cb1d9fa869baba733af18ef7febd4258d4f504,0xf2943b20cebcb9269a9564f99291fa854a92e3ecd83e26ab1a5b99a64aab4a25,0x246032774e1ea57a94f192ea6f23caab18f7b7f85b7c1b5a7c8857c695fabf06,0x69241c72dd6d141be7031f1e6570aa420b7dafb97bfa15252be20d69d51cf8e7,0x213cefc5a7735a3b928e55031f1fe6f6c9d2d398e96cf1f215280369e3e740c8,0x72b1f3677fd9c4b15d7d7640b3ed3e6ad1684c4647fe7eab2accf38fb2b44249,0x496ec0c3f33a0a477675661104bdceb1c3480e7d9e8a792349ee30d8237857aa,0xffc4adec75671381a43e1acda518ddf9aa5bd4f6833d31efc12e24fc9edf148b,0xfa6e928a4baf05a4c59a3670a1c2fb899d94e9eaa4d249ffef62d41c2adb940c,0x3c058d617ebdf1ef89825e542efd09c9f5380ec0045791e40fca3b1af1acbd1d,0xbb2e87460be1d6d7d712c11a0ee3f725b0f1744994e4dde20faf1ab1a0069b7e,0x8af823acc29d673b3ff5c312593969aab5ff5f3cf44343147ed3eea02e32be7f,82
0xf4f8bc15748a2637c6b90f45f7e8565d0235996e3efb0b79c7629a28571e1e64,0xb0f885fbe086d87c5b1f5447ef664f3fd70e9ec43eee0b5a542279fd3faa0900,0xde656a9574b6b0962876e5d6ccf4fe7cf079f84de72a568000546edada291f21,0x5c52f4b7fd70854e5cdee36fc4794eea784459978eaabb98dad05f3175996022,0x5d49b40b437a6cf474bc27ad189e024ed409a653df8a34401b1458a725b36bf3,0xf4f8bc15748a2637c6b90f45f7e8565d0235996e3efb0b79c7629a28571e1e64,0x8e3113208ab9ae3923df4206964a17511405f9844b5c1fd90e32085b66529295,0x8c1d03946922dbd7785e1bd8317ad8a43b9dee9244498b7ae5bb9050e9fca136,0x5282d8114c8452d467fc1b0e1bda183513ef858bb712bda4e3e0d197f5b46227,0xeebd85ffeb9c81bd6aa74e0d87ae6b9ef05610f8ca7a4f2f5a86c814826811a8,0xa0d7dd70de8fe740c997b8568467fead6862a696e4dee0b78f82c7071d5dba39,0x3ae1656571d03174d9de0d4f8fbdd1ba03eef28ea6db62b70348a5afc5efa4ea,0x1247588c2e4d073baca33e796fddc626c17fca4e367d93f7e44e7fd6f478fdbb,0x25b60538736755b4bc547e07600755deb0dd0e7cef7ea869c6d9690cf4073eac,0xcee053b8bccaab4d451b5034d42503275e9912fcdc8679fef80b0b2d6df6144d,0xa6f4e3a5310c67cdf7ab77410b0ba75cef654d78a2ea0d0d245b18aaa944673e,0xd820823a2bb8c71ef3b7505ccb4bd701ae6b7409ef6515beb7840bec5d8ea42f,77
0x8348932281679919f2db342c625b8d05054f65978203a830e63d5b3e1c0f67f8,0x5a88b2e32dca5ea54b32ae004065967015abd6aa94c5b256813a57742b6c26c0,0xdd89087c461a37f8ec2cca8524493db103f66e0a30f86e84517c4d3b544e0a61,0x393443fb6bae294129f6a550c7b0fe8f16d8a99b15217ddde5447c10129c4542,0x9191f74ffbb0ebc6a3e35c602351087ddb1a7ffd59a147bde493f8dfda475cb3,0xb79517a5e1dc5e4ca6cd191f93e5d49f27cf02c3c36373be29ed0ce7f01a5064,0xb9a88f66630283e169a1b401ec3cab88091c36f30d60069e4368e6cb9553cd95,0x0da36db41cf5743a1e635a7dd2efe059542d29a406e0e39b0302044d3d0b4a56,0x4bd7d82d7fd55b4841acd829917cf1a344beaa68af7754b0f06d571ae7030667,0x8348932281679919f2db342c625b8d05054f65978203a830e63d5b3e1c0f67f8,0x7f9f6bb327dd386f915cb0b067c1901e83d48527a1dea728095b88f4296a5b49,0x58aec5809153a045a0ddd2d08cdced98259a60a3e2454cfc2edd84e72171418a,0xc3e8c0b04645dfa95473d4532739e4bc2a57369b6b7ab3ffaccef041cc8fdafb,0xad5fcefe8631ea478f3a196993bd5db21f491773560033192d85de67105673cc,0xf3ab0f48cd0ab0a761ad8eb040a2c73ff7a1c90f9dda58110f5a002b3768822d,0x764ecf3d703aec5a10c2152ff74504953b05e7e711cd2c372b05d86e5cf399be,0x00905b9229d93dbad53b7184317e78ceae8c61900c2f56f712cc6822c70d932f,92
0x10ec2295758ef133f30d42d1d99241d7e3d27682c8b2f080240ca8de52785e85,0x69ee3634ed0bc24b145f077a3163ff0a3cd0fd7fa8ffdd33efd43600a67d67f0,0x3b11cbf9566fd40378119ff0ed740869d0f3cb221d0b442be069b48ea9295141,0x1b365ef7bca14cddf65b153c0442e0e6fed1dc7dd0850ca811aced12f3f5c112,0xf978d0e09ae2aac53ecad088e3da7498e9a8500c197b605980d6b52f5fdc3263,0x655cd7eacb2ec0140c93d3be5637ab2668981b95d2cc352173d3666da1bcfc14,0x10ec2295758ef133f30d42d1d99241d7e3d27682c8b2f080240ca8de52785e85,0x87f778fbbbf3529655b9bbeb68571e978f93edeb260005287b080c10b83f0616,0xbc7f23c20446851458674249f7c0a015113a3323c1c02188fb67c28916151b37,0x3134a3e100b1a3f328f3fc1c66806d82e440dcd5719602387bc4e7cebd2f5578,0x9833438ec3e6178092c3f880420674cdb2c102072d6f8c38bb7c3b3d7b321ab9,0x18cea37bc2eb00eb90aa4967e16d0d28ee0ddb33f142957915356a0fa9f0c7ca,0x7c0ffa9868426db005104efd76526b8a31e0de63e0c4a1553a33d1fd50efa90b,0xb0cccc26f70d9210dd6d5387c63371cdb41c4968ec93e2bab156ed5dd36fa54c,0x75b74844b3b859cee636fab28089455f94d2d1a1508d1cb801daf9dcafb1fd3d,0xa106ebacadc2e78b117238524009e336becb18a29e98c7cfe5e2517643ca8d3e,0x480e84cd196cdbaffa6a6185c747beefdd79ff49a1d0016084cb504f932b1e6f,79
0xdcd7901f848e567640ee3f02b2108cf98b83903f2208488357ca8737baff14da,0xc2ecd8c30876c050556eeb215dcf39ed857c19260a9f7596350ec664d0c59790,0x82c4b5f64003b9b046acafbdde277b4469be0a79104a72a3673ea85a7e36f661,0xab112040150b575eb2a817d48323f121cc7b395fde305c520f8bd3cbe82ee142,0x42d49e44d80712bed38d55cd961087a517139b3f89bf5001ff0c9f04aa5e34e3,0xc46a976f927934a5d4d3f77987380d5a317d47e67d1a663cddfcaeac42e4af54,0x358ff219a7fe10c21f3a3c484c872426262f4cf140d957925a8c04d3c749c165,0xc2e24fda5d7d0f90c70f64845c6207efdea5ca2ab1fd6e958f98e50181974286,0xe06460e4085746b4650487532248608b75ddd6ad86fb6f77edc9996cca75ad17,0xa0e9221496e4957f78b67e65b6b9cb2f1a9f3d3cce1d21dab4c12d480f6f0358,0xf8d6105baa7694cfa11db82d3bb6cb7f4f74df8135862ddeacc7551bd0c4f3e9,0xdcd7901f848e567640ee3f02b2108cf98b83903f2208488357ca8737baff14da,0xb694db5e31f0b1485ba585353abb66b9576134ce8d905786e07b36eacb412fab,0xbf45082b3569335d010d11f8cb1979bbe024728bef2aefc10dff1fadd4370b5c,0x5fc4ef2137435e853ce52a7ed3088e797c64284df523fb38a94762d54333eedd,0x14f505ccc6d58f392b2d8fdc77b5afd1b8389f098409164b3d49b5acf23a929e,0x312fa0fa395e64386f6b8e51c3d90194607a3478c4eba3803f052078ed1b6cef,66
