hash,type,chain_id,nonce,gas_tip_cap,gas_fee_cap,gas,to,value,data,access_list,blob_gas_fee_cap,blob_versioned_hashes,v,r,s,sig_hash
0x12447db36a5b5ab843f508f4bbf01fc7cd38612af00df2f3efa5833de3c3d152,3,1,909747,5010000000,15030000000,21000,0xFf00000000000000000000000000000000008453,0,0x,,1000000000,0x01705388eb7b740011c203e4a96854754f0ee3e2d7c64ebfd80a7608b18e33b3;0x01e39adff898318219d838abca2861c2192f30b19b31df4d9a29200717694800;0x01296240244c0ff1b6386945cdbc046a5ec42d71bfdd7a9ef1b18aaee1ad68f3;0x01fc22535c26b8aac069140a587b91bb57d72e464d9e2fbb365b8955a0a85240;0x01fed74f0389ababc9cf029aa3f4cb7b57d00cf67a3cf6b6147744c0685357be;0x016865dffac7362e24b38fce730b2b8dbdce9b3306e311074a7ce75ae4493709;,0,63566468088176814564084739370394888129519548474731784480319073799030050153682,27960845206109140748741109831621533163422125401190340912065240370501355320953,0x5abdad0357fcfaee03ea1226bf12445434955923566f3529b9f4216593633985
0x3a4f7856a87d1aa14e0afd4fa8df95f8371cc94411d76898ff5021f7633e8866,3,1,967558,5020000000,15060000000,21000,0xFf00000000000000000000000000000000008453,0,0x,,1000000000,0x0145384630423caf458216c3b4268cfa5e6a72c8ebe11607e294f0ddee9bcf4b;0x01517327e6e53756b84d4bbdb60b3e9bb28dd6f5d195376528ca14254f662421;0x01a9fb182b91163630c53c8cb50289755a3deb0de2ca57eba1d559e295b20720;,0,29975814418866073146539986422107031372158190648246340211550088372109930384972,36935920754211318337175429687789898216145929096973673800463717577950295385551,0xddcc9d29f63a1bdcc27e9f382c4aac207627469b46da1892dcc50218d5b9f938
0x14c9064b28c265e020a1bc6c140ef10f115576e899b7e33ddeb7370cb70cd7ec,3,1,889445,5010000000,15030000000,21000,0xFf00000000000000000000000000000000008453,0,0x,,1000000000,0x010b9666191002a9a5fa595ab1202d6da952be41a9aff3c8d9aca7fb33adcd3b;0x0195206607e0b83050781304fc6042ce0b4b91d0d59861bb066482bb8e1b1958;0x01517678b7baa74f601365f17c2c69fcd84fcccf00765544a2f817b7bc6013a8;,0,28126724214333524339125928986423866710039064284327612264398800742445143884388,54214846217938664161922041950433627213148920692619617414215808904320894723421,0xa5b394b6cad16821712e4f069fe44679850ce38860cb88e4652e6a9ce957c3a1
0x540e931aa5651179e6d09b5cf24500a9b3e50059247ab7b91c98e3e92a196d4d,3,1,936075,5020000000,15060000000,21000,0xFf00000000000000000000000000000000008453,0,0x,,1000000000,0x0182ee8e68efc418c36d798dbe6d808bdbd8106d227f8da6b35ff71705d6af3d;0x01b99381d5c99b014a1c523e81fb637d8dca9e8d2a57a1269e3ead3c5dc0ea8a;0x0176f4762ff7dd3e51b540d1adb549eca75fee89a8c1fa756db4688c64bcd3d1;,0,64817393409724868081579644079748704010759157363392319583856609217922095258961,33366692495380459470716995290564298596227294682188316672892112396177756633646,0xd441879f35def3d3b0970fa69518f7207037f48ae2b4b7bd55c6b3ef6e3d6a45
0xe3371cb093db058a4572d803e822a700f144313d51d71a33c3a8cf47ab2f9fd6,3,1,919717,1000000000,11020000000,21000,0xFf00000000000000000000000000000000008453,0,0x,,1000000000,0x01eb9f115530c21a479a7080aef52d8884324d0ac976e735eab65f88e94eb796;,1,41318651249723380618955310688852719718315540605143877770058579425350451548668,53780696005901070203963117843012454395090697422291169076756549641535445986223,0xca3f7be8abe97cbde8ddf70d7ae4cf03ce4123de9fc9983021bdc8dae70b9176
0x6ecfb4a372cee794a05b453b2b997dd5debe47c739e2428c98c63786e405109a,3,1,903987,5010000000,15030000000,21000,0xFf00000000000000000000000000000000008453,0,0x,,1000000000,0x01028d886fcaa1097c8100ae2b0f625ce243ed6b026644fa15ac20cced146a2f;0x01103133af367a22f3dded241979dce9183dd34131cb28864d25724eb928a617;0x01e5f7b957a30d11cb58340d7394508e55b25c9c52be0c5ea76c1d0ab1d3d311;0x0149faa67f838a2d9aa15b1c6e619752db45c26a8ae0d52688bc965fe18b52e6;0x019097761106a1c9dc44b16da0025ecc85fae8e45c2410dc9a99dcabbef9daf4;0x01655ef40b31c3668ba0e83345253b6622b4abc968c7887002eb1903a694fce3;0x01443d0ee270e4c5f460110557d8f4e95ac2e2ca52aed77745df50b0bb888ce2;,0,30125380985626804286384696925963292269817054439845888676322185906081085563838,15932258662213130985328817446467128221972391685987911275945846564733284993804,0x67f82fa634ad221b01cb5f2921dde7da88d4fdf2621655a473e5d73b5086f000
0xf7996cc3254dd290363a411ed98d21ac35259516c2b37ee3b3ed4fe14a5bc234,3,1,947305,5020000000,32831060964,21000,0xFf00000000000000000000000000000000008453,0,0x,,1000000000,0x01bf39d9ded31e2cb0213b7cb687c3c3ee7eb8ed4a65337adf03088e89f85658;0x018ef7b521e39938c78aa118fe78a93002c3a58691e2e5fff994fbda7ff4bd67;0x01ed4a5cd32d87a89b9292b0ec8afa44e6656c9dfdd16574449c386a33379ff4;,0,110680900962144053594589840883486609800917360377190911515861530242022340941506,27352215247556679048872139664566254976465196630871600209336017088517293059501,0xa982f4a40076ac64cd1afbbc49ccbbb23bd913d9115c3148b57911191388f300
0x07aa58dc907c1bc95a6650ec21246aca147b970b1b1f5377574c1c838b7fb5e8,3,1,911451,5010000000,15030000000,21000,0xFf00000000000000000000000000000000008453,0,0x,,1000000000,0x01e02b256327b4b231c71d975cabc00650d847546b91186943fdc7839eb63bd5;0x0189cdecb10583958fde3a60dc3bbe6ed6fbe0d029f65b29a8eb119563d94a44;0x013aa7c71e7b624a35786eca4b01aa37570c347018f252c7d569b34dfae7324d;0x01901e2a96c83886c20fa13d6317bb3c0b096caff0fc878b3e323512ad2f421c;0x015ce428708471864076ca6710367fa31ca5dc39ee134456d348e0c413940a7c;0x0185235d89d2bf2da5eec7c7a3b8230f11378d9b976b25966c2d1e59841c466c;,0,85616995309786822697242553838133279913891473865276292043832749575563063003817,1548292779320137224666009464151501959200147176532749000099739823041882170361,0xf9049472f7411b38046a4cf5b9129b6f2121d6cd09ce21e8f01ccbbb4da1b445
0xa5de3588da658b7e64ad4d8aee141baf3d7704ffb4a1393a5f75750cb396a82a,3,1,885624,5010000000,19838831516,21000,0xFf00000000000000000000000000000000008453,0,0x,,1000000000,0x01754aa4ce5e771b160edb2eb84c601865a290ea4093ec8403200df9ae244b54;0x01f92720777d0ee6549cc6cec9933af86bc8c23be621f4fc3ab112f730034dc0;0x017ed45e63d5ae24f95ee26817b4a5899b13b4301e5b45b6b2bbe4cd23cb4322;,0,74575009689012928983762815413249547474478904265680488401421596775957524161960,40193701523599138637914588233895315907231403708050924975543883620506613902708,0xfa5d6af3ab1735e8cd80dab986ea273765c78bf7527a941ff3caeedb3ab4454f
0xfabaab484a668df9fe37f1c1c2a9e899d281681d4b83eca8c891f4f5347c37d0,3,1,875438,5010000000,17737427344,21000,0xFf00000000000000000000000000000000008453,0,0x,,1000000000,0x01a1d7804af4d1eb39f2ad26c43f8be90b513d114126515a501e99272bfc505f;0x01e9003b8ee78ee6114f43332f28711ef8ed28158854a343b7d545ccaf7295b9;0x0151898929366c53d0de75b3b7bf79f2f2c741a2e80390752c768958f6141f5c;,0,7477412477841087742007554895844047041979351585588319511059282516406023079303,4888782204285446130246695261081007683692840118252718591018712358025629748988,0x457eafd78475fe914e3c6f887745a4b347b8acb574137c342ca3abfc2532a7af
0xa0e5a9ca1af5e05b93f2443edd1d257946fb0e5a5ab3c8a2ff9a5ae6668fdc36,3,1,875304,5010000000,21681900910,21000,0xFf00000000000000000000000000000000008453,0,0x,,1000000000,0x01d14663319f69693d4de4d697e04da5f1f9099800360b4f1a0f1f22a3d7737e;0x01c3bddf6287ec85110124ba71e24a8d5821a2c03367738485a813322ec5503d;0x012c6769b079b7d69ec7e39b47abfe77a799183209dd3f40f4a19af2140b026a;,0,69730354670245513325266519002113918064663997081777434399053854421044806997013,22475054960750798113562479691141308537798754897131202521534993889850656479318,0x00c699f082d8d0ae98ef0e3c73e004ba7fd2dcf851ddb49f655670d3ce6e060d
0xa66a36cfcd36a927273ce192ad2b58dba4b9fb9b353f6cd1dca763f22a2caf7e,3,1,955241,5020000000,15060000000,21000,0xFf00000000000000000000000000000000008453,0,0x,,1000000000,0x01408f2e6cab56b4cb5817ed539440c315d8ddc8446da44b38978030d4d3ba11;0x0147c745ef9d78fdccf71b999be8c2c21e0f4c3dbd52129f5a763077485d2b14;0x0178f56deefab120332945a3e3dea630e321defd1722987dfe61bcdd6769a39b;,1,75397784704414989230506850611569964777541128756443486499189009586549132259281,41388290841924127960957763953362033612109968168504179584163568801007686072243,0x3e3957a63ae0dd928f9f29e72a3a0a4a8092db8c0b309ee7f70c074767cd6489
0xabf9c6c193ea728733e6277da665752227f8983b429228515af4bb91500c2036,3,1,899326,5010000000,15030000000,21000,0xFf00000000000000000000000000000000008453,0,0x,,1000000000,0x0100c73ec67a9be2cd163c8218efe60e3c58af54e816e894bdfa844335a0b3f8;0x01faf62cf221e7a63e5e6f95b0e6589f89106014f7693e8e78020333fc607eab;0x01d4c537d5d4759777005569258347a7f9a96850b010cca5af2083c84f604724;0x018f2e1e87aed1ea0c8f0cd03f8f310ccbcec9714bd7935285e25f0028fccef5;0x019c50dbfa7e7e6eed4e3e77cfca70583955d9eb3e6d25c9d854a4f7e1fe2ccf;0x0198c5acbd280bc8a6bd40b2b79a66a526cc26f3d82c790aeddf2f122bd5e65a;0x01623561dd5167c19505fa9483ef302d75cc7628d9566dab023a7370c64ae3da;,1,19974794007346231480953078247127381235356449032241902514945762790320354055990,35916890240632741236115352373718374440442857742684868773280604683730517185018,0xaf460fa06b04c09397d66a94553c7076b1b6ee7e0fec1b263bfe20925805a592
0x4af30585d91f4a57aa7b46577cdef30d88dc5190de3a5c2031eecb8b30a1f035,3,1,899231,5010000000,15030000000,21000,0xFf00000000000000000000000000000000008453,0,0x,,1000000000,0x01e0089bbcc874c1586cce85481e6b9f7bfadd152b1ed1ee5e9e4fec658285f7;0x01cb0e8a4e78e16446c9a90d65302850c6504481c872bfe38192b0136c1f93a9;0x0159b3814e43dc71a125197f00e8905704b09c1b3f7eec7347883f99c731d718;0x01b96c15b090081e59aaaed3b0f95f791fcc9efebc69d2196a42b53dfbe7e4ac;0x01456cce3aa0c6083a99ddb649e85569a63f6825453c1a4bf8de740eb46f8c05;0x01961c939b0fbf817f36ace92ebc4bb25acd0abe5449546508e50f0271004944;0x01e050909a95f128d7f6a964d4069c1d846531a811c21b1b1d2fbd517c5c6058;,0,6679308722742463956756040903214927165980296668663382695280629249016711556269,42167535055459285001411058144418816833910627207794460889080276966824640138139,0x929c367393b34e015b9965869644eacd98950f7c8932ad2a8089904224c8dcd7
0x89b3485d9d38db79c42f9140e68dda0be016fd8624ee88a401a6fec7b616b6e7,3,1,900055,5010000000,15030000000,21000,0xFf00000000000000000000000000000000008453,0,0x,,1000000000,0x0163673392657ed2ecb1abded87250b7fae38305f83078fe9ec1c1b7b2f0f954;0x01ed5bd3f30b27f0b351645f1349666a2946bb8ea7f497f63a74b0333c9f5eb1;0x01d3a98932144d99f09c8aa599a99bbc69174b56076ca690de3ea40ab42abb18;0x01d091e5407f3498d9d40868a0dd0fc637d87925b00ea6645766bad61c751da1;0x01da76b3fb15884c85c5bc596a871f3cf704d1c96bde977c3b803d3964811c76;0x01a7ed137ff5272dce1d2dddade183b83cadc587cd2f35975d55802997889f2b;0x0108f930dd69fbcbc678dbb83afcf406b5f198dabc68343878d83edc6f73a7f7;,1,25928796803818843409954215730510211609135283877515428463718820546647020340173,32293273980490368178580585966588263413654432953584294567688746293986654563495,0xa5cbd8845aa35ebd07fa73c0e04b68d6f9484043ffb3bb5c7cf76bc4a23b7012
0xf4f961a0261754290ba74292bc397c132692d1eb8499ab6a0baffd601ee89c66,3,1,873115,5010000000,15030000000,21000,0xFf00000000000000000000000000000000008453,0,0x,,1000000000,0x01bce7f3169cfc796e7bdc0366e8517df2bdb8da5d212cbee943d88bdc6f4c54;0x011cb5932de6f39c84411f73db0c3dd4e73bfa78631454e99f55a4936ecfb96b;0x017e3928c5b1458d4f6995adadc9d4b359b7c6308d517fa9aa4f12725c5fe4ac;,0,48223277761698687732646009941646892461001671235379981056964666008389685067507,32847273950641309495073243171857094129553498849008215277881357890505099512356,0xb5ce2e6dd913f391100028bf5ff6b73c8759488cec1edb93c660cf7f552662d2
0x7b0653918c89bf92964573153c4531d65810da2bf903ed1e1a3f94ba02b7f5ed,3,1,933770,5020000000,15060000000,21000,0xFf00000000000000000000000000000000008453,0,0x,,1000000000,0x01cfbb04568623306d28399bc5bd05db0a5f7f7d46dac825be247ca6f88be4c3;0x01e6aee74e3413e49aea6fb170c4cb1141e02f2c0e7dd0ff431ee045cd4f9940;0x01f91be49c699fe7a4ab9936b092426b52869c25237c16b4bb9475f4bc6bf2a9;,1,106246013565507805724795193688815358206625222240362174445299411310432605628568,30117862871287275184890295802381277009546590770301840960645082680846294851186,0x29d59037fe8c7408a5822ce454948f07b814072dedcc74f399a409e109be915a
0x3f2d510e4293bcfaec14c4f7bbe556c5945e21ecb131131913009bea5ae5e8a6,3,1,951677,5020000000,15060000000,21000,0xFf00000000000000000000000000000000008453,0,0x,,1000000000,0x01a03ec7e95e8b58c355e59159ef41371cfdd526122874813f456f1a4ddfeb3b;0x01d4b3bdb4d7f6832d41635516d0d036d397de53cb9f423bf0a6a1fa714bfcdd;0x0189d5943b746dd6e59e17d8eedd43e2636484d1f450fcc00f063dc90dd2a73f;,0,58205091879311567010685183884986237901494771495608658573905504261849011914932,11930540914384305175379907586248289158287019892189995801475842010013491905255,0x44eb432065e3d39a2a66707c6f0755385c475f080ad59ef40c0a901caf345efe
0xf7765f21e9ebe61e5b1c540c39e488e926361b6ae809e5f01f0cc4877d8acc49,3,1,932179,20080000000,60240000000,21000,0xFf00000000000000000000000000000000008453,0,0x,,4000000000,0x01c7ad985f78fd94d2c9192a19f38072febb7ca11c638b0b8a2e114ec61f5b2b;0x01130ecf0aa1548987023ab60325c8414b5ee3c8dbc428a9485b1e620af34ff0;0x0130bfc052bf6a5b593e69f5fb34caab7d7243720fbe5a0084d7ca63f47faaa5;,0,32752129996905920149052510242762121476693839588942192790081828100587799686931,56070361599668520970342379894710396058832168339697194510286686218181191244256,0xfe44d5d12d00d5c1855ad065cda20e3c1dcd40c5503882f3bbef091f94d047f7
0xc8756b71b82b42a47abd4b18cb6b1fdfbd94a0e29d4ec4ff83faad955e0739df,3,1,951905,5020000000,15060000000,21000,0xFf00000000000000000000000000000000008453,0,0x,,1000000000,0x0131d248823673c4d646aad3dde1d2711629eb5ec88e441928029d8258c90946;0x01bb27e4ce00ba15360ec1c0ff736a17095db1c60f7d1aa480b73deb0dad219d;0x01cd216a493990876bec3ef033da31d272a9cdce761e780fb276be1ba0f4f949;,0,723674649419927802998488080974236044276692508933161070059122557805857745929,43294554497524771681320727794312532998254551665057963284179758136178162391517,0x095eb72ede240573d8f98202db82c7990ab408f9e708d17c4bb267b4bfce0272
0xfb8476d3afdfd2244cd0ac2d8be3f90d421506c9eaf60e23b3e6b697f81d936b,3,1,965681,5020000000,15060000000,21000,0xFf00000000000000000000000000000000008453,0,0x,,1000000000,0x01015cf17666e30398e002fba78bba1614231ca43b1480ba730a09fe23ae5376;0x01a222770102c215879aa2287c1376a07adb95e9d2593786bd90ba617f07f7d7;0x01eaddb05ec47fa52c30d0981911599dad687102bab0ad4c5221f3d638d260ef;,0,45349036933927327281462328757753764541490426254891512178618088082219746951554,27781363091007898719012086922447318279771000710578517515503913902092119823373,0x584c93ea2c8821e18baa797531079c7a4b0e3913165e55d820a3d1907d4ce47f
0x357c2ec628f6ece044992df00eeb9bc1d0549a7a4ef34640c4dd1eac3224b699,3,1,944950,5020000000,15060000000,21000,0xFf00000000000000000000000000000000008453,0,0x,,1000000000,0x010d8d63b0517be8b361ccbb912c54bc924697f529d998e008b57eae05366f96;0x016f159d82f130841c300e85a6e47a54d3e322a1dd8933f343f6cdb7538b3734;0x01b3a365a7864682cde9d8a4d33325019fb6edfd865de9483f3c0e718934ebfe;,0,50843165630761388389316232157048325429673284474433895506019475166194619228476,39587862825782416954661681930711971293190553548982812073340054247403282080559,0x3320dc4f50b8e53de3eba62e0dc25a6563070c129acbd85b7070f4c75bb13c1a
0xf18e3b4c14d01b4f1eab2c3489f76ea507c6ac31be8534f497ca563ff030b4a0,3,1,928562,5020000000,15060000000,21000,0xFf00000000000000000000000000000000008453,0,0x,,1000000000,0x01c6a3530c2f954058744ba66482fb676d3a030d6465da486c85ab77cfa65b51;0x014aebabe09dc349ef186bc77a0fcf29f4368768a8912a1b8e73af23ef58e4ee;0x01ed5c8a2558215f542253ed4df5c89a707e5c9c94324c8a0dc814a7b7639c15;,0,25326367262252134783111691440655105617148403625289766653985054045162953937347,44231666790678176571613237485993003102381109146073029795301419286062036050165,0x004429042cb91390eeaf85b001ae7cf94340951463b52a5f7421cb480a029ad1
0x496ec0c3f33a0a477675661104bdceb1c3480e7d9e8a792349ee30d8237857aa,3,1,963936,5020000000,15060000000,21000,0xFf00000000000000000000000000000000008453,0,0x,,1000000000,0x01b27b01b0ec2d9d5532990c75f41d01f5f20efcb4526cd06ff2bf813f1c1ed7;0x015007ee3644915d6c29aa546780702e4715dbed82c2862408eec6852180682b;0x0177e610d9b5888aeace308e661b5efc70335ea9102283c916952e0cf9cc6607;,1,4861310515391923603521757646768382077698731169783988535811875359529372406907,25174964597443794599295965394873479299655960161571848576334967608399050709961,0x305c90c8cdaf126f86b2b4ff1cef5d2e8467894c94ad7db1f69d9641a6984b2f
0xf4f8bc15748a2637c6b90f45f7e8565d0235996e3efb0b79c7629a28571e1e64,3,1,951013,5020000000,15060000000,21000,0xFf00000000000000000000000000000000008453,0,0x,,1000000000,0x016fb3fbc4273b3c3877fcf6fc242d769e2afa4cb820bf3fb5104ac9ab098fe0;0x0113346dc25ee7a42330e47a04f4dab47619a2aa2519032296d010ee781eec5e;0x014f143241906229412eb62ac82daa7d66dff14e9ab90e8cc632e47b07c89a59;,1,31959702819550342822986028732903068567896165031115554267723273638227602253610,44418252327594246673426392290160693720028731927180805469397091894028573756543,0x1e219817aee4eb2cd69ac8c723ef392b29832ce3517e01265edcebe602d7be26
0x8348932281679919f2db342c625b8d05054f65978203a830e63d5b3e1c0f67f8,3,1,957527,5020000000,15060000000,21000,0xFf00000000000000000000000000000000008453,0,0x,,1000000000,0x0129605b3be61f8ad0342fa7b671bcabd7bf9cfef65844fbae763a5db605b9f2;0x0171b78cd519842b2b20ac9053a1a7540c16910f262d9c1b6bd67e689276cba9;0x01056196eb590ed086e1e30b2ca59a5f4b208ad122d4c6bdb590a92b3ac2b045;,1,72050273120564612007161345922438077947129941367775555799793356516296415432290,357023197917852327291838729966446407932414487391565220831627339415632630533,0x6697d4fc9f7d7562ff95c71da46fed03aefb9eae852ee3bb647a4b5b03155261
0x10ec2295758ef133f30d42d1d99241d7e3d27682c8b2f080240ca8de52785e85,3,1,926574,2000000000,18495602726,21000,0xFf00000000000000000000000000000000008453,0,0x,,1000000000,0x01ecd45193462c675730da5fb7625acf2695dcdf669b8507e91014d9601e090b;,1,19979796644374461848123893963194411858960584713012613322253378875323379211390,37441050625229499241880748798985157015972120616820158269668407341945805227371,0x8d947c96eaef2645035539da4c4be7c8e9dcb3df9c0c8e78607e14a7f3accc9d
0xdcd7901f848e567640ee3f02b2108cf98b83903f2208488357ca8737baff14da,3,1,927089,5010000000,24634841288,21000,0xFf00000000000000000000000000000000008453,0,0x,,1000000000,0x01ef10ad7627431bc4a56c3c562d140583760dfa328e258d0ef6007ce774747a;,0,61902283323344741785067556907104834237912758649134611505038027118538388221442,28033636891220030379885109344700011150020012432732855319740779778377273427311,0xb2c29cc81e58f83a18da26129ffb45dfc313ce021b7638913dc0bd338d180e73
